"cso_year_int","cso_key_str","cso_value_str"
1998,"units","EUR million, basic prices"
1998,"source","CSO Supply and Use and Input-Output Tables 1998, Table 4 (PDF)"
1998,"classification","NACE Rev 1.1"
1998,"hh_imports_amt","7206"
1998,"hh_prodtax_amt","6182"
1998,"hh_total_amt","37500"
1998,"govt_imports_amt","384"
1998,"govt_prodtax_amt","277"
1998,"govt_total_amt","10171"
1998,"fte_hours_num","1800"
1998,"jobs_source","Eurostat nama_10_a64_e (Ireland, hours worked, domestic concept), 1998"
1998,"tax_wage_pct","32.754524361949"
1998,"tax_profit_pct","8.89171844759091"
1998,"tax_hh_income_amt","7669"
1998,"tax_social_amt","2918.9"
1998,"tax_corp_amt","2618.7"
2005,"units","EUR million, basic prices"
2005,"source","CSO PxStat table NIA04, 2005"
2005,"classification","NACE Rev 1.1"
2005,"hh_imports_amt","10547"
2005,"hh_prodtax_amt","10605"
2005,"hh_total_amt","70622"
2005,"govt_imports_amt","0"
2005,"govt_prodtax_amt","0"
2005,"govt_total_amt","24904"
2005,"fte_hours_num","1800"
2005,"jobs_source","Eurostat nama_10_a64_e (Ireland, hours worked, domestic concept), 2005"
2005,"tax_wage_pct","30.6667273058032"
2005,"tax_profit_pct","9.14882298177949"
2005,"tax_hh_income_amt","13692.4"
2005,"tax_social_amt","6536.6"
2005,"tax_corp_amt","5503.2"
2010,"units","EUR million, basic prices"
2010,"source","CSO Supply and Use and Input-Output Tables 2010, Table 9"
2010,"classification","NACE Rev 2"
2010,"hh_imports_amt","16022.3985851185"
2010,"hh_prodtax_amt","8904.53907056148"
2010,"hh_total_amt","76196.9756919915"
2010,"govt_imports_amt","1820.28593163198"
2010,"govt_prodtax_amt","0.183129727783243"
2010,"govt_total_amt","30404.7992465899"
2010,"fte_hours_num","1800"
2010,"jobs_source","Eurostat nama_10_a64_e (Ireland, hours worked, domestic concept), 2010"
2010,"tax_wage_pct","32.62364122123"
2010,"tax_profit_pct","6.94596138083169"
2010,"tax_hh_income_amt","14319.7"
2010,"tax_social_amt","8457.9"
2010,"tax_corp_amt","3943.6"
2011,"units","EUR million, basic prices"
2011,"source","CSO Supply and Use and Input-Output Tables 2011, Table 9"
2011,"classification","NACE Rev 2"
2011,"hh_imports_amt","18913.8712516441"
2011,"hh_prodtax_amt","9029.57341577177"
2011,"hh_total_amt","76710.6971859032"
2011,"govt_imports_amt","1958.5748046537"
2011,"govt_prodtax_amt","0"
2011,"govt_total_amt","30580.8424554121"
2011,"fte_hours_num","1800"
2011,"jobs_source","Eurostat nama_10_a64_e (Ireland, hours worked, domestic concept), 2011"
2011,"tax_wage_pct","34.3840247144389"
2011,"tax_profit_pct","5.80867553803947"
2011,"tax_hh_income_amt","15261.5"
2011,"tax_social_amt","8833.4"
2011,"tax_corp_amt","3751.4"
2015,"units","EUR million, basic prices"
2015,"source","CSO Supply and Use and Input-Output Tables 2015, Table 9"
2015,"classification","NACE Rev 2"
2015,"hh_imports_amt","15534.8911404514"
2015,"hh_prodtax_amt","10928.0248812497"
2015,"hh_total_amt","84072.924858878"
2015,"govt_imports_amt","2462.19421011938"
2015,"govt_prodtax_amt","0"
2015,"govt_total_amt","32237.7445520016"
2015,"fte_hours_num","1800"
2015,"jobs_source","Eurostat nama_10_a64_e (Ireland, hours worked, domestic concept), 2015"
2015,"tax_wage_pct","37.4136631348024"
2015,"tax_profit_pct","6.31766973626931"
2015,"tax_hh_income_amt","19052.8"
2015,"tax_social_amt","9998.6"
2015,"tax_corp_amt","6871.8"
2020,"units","EUR million, basic prices"
2020,"source","CSO Supply and Use Tables 2020, Tables 5.8, 5.9 and 5.6"
2020,"classification","NACE Rev 2"
2020,"hh_imports_amt","16286.65"
2020,"hh_prodtax_amt","8637.64"
2020,"hh_total_amt","92116.36"
2020,"govt_imports_amt","5188.22"
2020,"govt_prodtax_amt","0"
2020,"govt_total_amt","48183.87"
2020,"fte_hours_num","1800"
2020,"jobs_source","Eurostat nama_10_a64_e (Ireland, hours worked, domestic concept), 2020"
2020,"tax_wage_pct","35.2313511143548"
2020,"tax_profit_pct","7.89913365150684"
2020,"tax_hh_income_amt","23427.8"
2020,"tax_social_amt","12266.1"
2020,"tax_corp_amt","11952.8"
2021,"units","EUR million, basic prices"
2021,"source","CSO Supply and Use Tables 2021 (IO Tables), Tables 1.9, 1.10 and 1.6"
2021,"classification","NACE Rev 2"
2021,"hh_imports_amt","19393.55"
2021,"hh_prodtax_amt","11057.01"
2021,"hh_total_amt","104199.72"
2021,"govt_imports_amt","5511.63"
2021,"govt_prodtax_amt","0"
2021,"govt_total_amt","52616.54"
2021,"fte_hours_num","1800"
2021,"jobs_source","Eurostat nama_10_a64_e (Ireland, hours worked, domestic concept), 2021"
2021,"tax_wage_pct","35.4388518875839"
2021,"tax_profit_pct","7.72891990322848"
2021,"tax_hh_income_amt","27767.9"
2021,"tax_social_amt","13792"
2021,"tax_corp_amt","15323.1"
2022,"units","EUR million, basic prices"
2022,"source","CSO Supply and Use and Input-Output Tables 2022, Tables 2.9, 2.10, 2.6"
2022,"classification","NACE Rev 2"
2022,"hh_imports_amt","22882.13"
2022,"hh_prodtax_amt","10692.92"
2022,"hh_total_amt","123536.89"
2022,"govt_imports_amt","6030.32"
2022,"govt_prodtax_amt","0"
2022,"govt_total_amt","57140.86"
2022,"fte_hours_num","1800"
2022,"jobs_source","Eurostat nama_10_a64_e (Ireland, hours worked, domestic concept), 2022"
2022,"tax_wage_pct","36.7477785900886"
2022,"tax_profit_pct","9.33951037405801"
2022,"tax_hh_income_amt","31287.5"
2022,"tax_social_amt","15966.7"
2022,"tax_corp_amt","22644.9"
